id_equipe, nom_equipe, pays, fondation, stade 
1,Paris Saint-Germain,France,1970-08-12,Parc des Princes
2,FC Barcelona,Espagne,1899-11-29,Camp Nou
3,Manchester United,Angleterre,1878-01-01,Old Trafford
4,Bayern Munich,Allemagne,1900-02-27,Allianz Arena
5,Juventus,Italie,1897-11-01,Allianz Stadium
6,Real Madrid,Espagne,1902-03-06,Santiago Bernabeu
7,Liverpool,Angleterre,1892-06-03,Anfield
8,AC Milan,Italie,1899-12-16,San Siro
9,Manchester City,Angleterre,1880-11-01,Etihad Stadium
10,Chelsea,Angleterre,1905-03-10,Stamford Bridge