id_joueur, nom_joueur, nationalite, date_naissance, poste, id_equipe
1,Lionel Messi,Argentine,1987-06-24,Attaquant,2
2,Neymar Jr,Brésil,1992-02-05,Attaquant,1
3,Cristiano Ronaldo,Portugal,1985-02-05,Attaquant,5
4,Kylian Mbappé,France,1998-12-20,Attaquant,1
5,Sadio Mané,Sénégal,1992-04-10,Attaquant,7
6,Robert Lewandowski,Pologne,1988-08-21,Attaquant,4
7,Mohamed Salah,Egypte,1992-06-15,Attaquant,7
8,Kevin De Bruyne,Belgique,1991-06-28,Milieu de terrain,9
9,Luka Modric,Croatie,1985-09-09,Milieu de terrain,6
10,Virgil van Dijk,Pays-Bas,1991-07-08,Défenseur,7

